"filename"	"CT_General"	"CT_Subtype"	"BTO"	"factor"	"factorGeneID"	"GSE"	"GSM"	"exp_type"
"CTCF_GSM546526_Pro-B-Cells"	"B-Cells"	"[PC] Pro-B-Cells (Rag1-/-)"	"BTO:0003104"	"Ctcf"	13018	"GSE21978"	"GSM546526"	"tf"
"CTCF_GSM644975_Pro-B-Cells"	"B-Cells"	"[PC] Pro-B-Cells (Rag1-/-)"	"BTO:0003104"	"Ctcf"	13018	"GSE26257  "	"GSM644975"	"tf"
"CTCF_GSM672400_DP-T-Cells"	"T-Cells"	"[PC] DP T-Cells"	"BTO:0000782"	"Ctcf"	13018	"GSE27214"	"GSM672400"	"tf"
"CTCF_GSM672401_Rag2--_Pro-B-Cells"	"B-Cells"	"[PC] Pro-B-Cells (Rag2-/-)"	"BTO:0003104"	"Ctcf"	13018	"GSE27214"	"GSM672401"	"tf"
"CTCF_GSM672402_Mature-B-Cells"	"B-Cells"	"[PC] Mature-B-Cells"	"BTO:0000776"	"Ctcf"	13018	"GSE27214"	"GSM672402"	"tf"
"E2A_GSM546517_Pre-Pro-B-Cells"	"B-Cells"	"[PC] Pre-Pro-B-Cells (EBF-/-)"	"BTO:0001133"	"Tcf3"	21423	"GSE21978"	"GSM546517"	"tf"
"E2A_GSM546523_Pro-B-Cells"	"B-Cells"	"[PC] Pro-B-Cells (Rag1-/-)"	"BTO:0003104"	"Tcf3"	21423	"GSE21978"	"GSM546523"	"tf"
"EBF_GSM499030_Pro-B-Cells"	"B-Cells"	"[CL] 38B9 Pro-B-Cells"	"BTO:0003104"	"Ebf1"	13591	"GSE19971"	"GSM499030"	"tf"
"EBF1_GSE35857_B-Cells"	"B-Cells"	"[PC] B-Cells (Rag2-/-)"	"BTO:0000776"	"Ebf1"	13591	"GSE35857"	"GSM876622-3"	"tf"
"FoxO1_GSM546525_Pro-B-Cells"	"B-Cells"	"[PC] Pro-B-Cells (Rag1-/-)"	"BTO:0003104"	"Foxo1"	56458	"GSE21978"	"GSM546525"	"tf"
"FoxO1_GSM860926_Pre-B-Cells"	"B-Cells"	"[PC] Pro-B-Cells (IRF-4,8-/-)"	"BTO:0003104"	"Foxo1"	56458	"GSE35024"	"GSM860926"	"tf"
"Oct2_GSM537990_B-Cells"	"B-Cells"	"[PC] B-Cells"	"BTO:0000776"	"Pou2f2"	18987	"GSE21512"	"GSM537990"	"tf"
"Pax5_GSM860927_Pre-B-Cells"	"B-Cells"	"[PC] Pre-B-Cells (IRF-4,8-/-)"	"BTO:0001133"	"Pax5"	18507	"GSE35024"	"GSM860927"	"tf"
"PU1_GSM537989_B-Cells"	"B-Cells"	"[PC] B-Cells"	"BTO:0000776"	"Sfpi1"	20375	"GSE21512"	"GSM537989"	"tf"
"PU1_GSM539537_Pro-B-Cells"	"B-Cells"	"[CL] 38B9 Pro-B-Cells "	"BTO:0003104"	"Sfpi1"	20375	"GSE21614"	"GSM539537-8"	"tf"
"Rad21_GSM644976_Pro-B-Cells"	"B-Cells"	"[PC] Pro-B-Cells (Rag1-/-)"	"BTO:0003104"	"Rad21"	19357	"GSE26257  "	"GSM644976"	"tf"
"Rad21_GSM672403_Pro-B-Cells"	"B-Cells"	"[PC] Pro-B-Cells (Rag2-/-)"	"BTO:0003104"	"Rad21"	19357	"GSE27214"	"GSM627403"	"tf"
"Smad3_GSM539545_Pro-B-Cells"	"B-Cells"	"[CL] 38B9 Pro-B-Cells "	"BTO:0003104"	"Smad3"	17127	"GSE21614"	"GSM539545"	"tf"
"Gata2_GSM641911_HPC"	"Haematopoietic Progenitor Cells"	"[PC] HPC"	"BTO:0000725"	"Gata2"	14461	"GSE26031"	"GSM641911"	"tf"
"Ldb1_GSM641909_HPC"	"Haematopoietic Progenitor Cells"	"[PC] HPC"	"BTO:0000725"	"Ldb1"	16825	"GSE26031"	"GSM641909"	"tf"
"Scl_GSM641910_HPC"	"Haematopoietic Progenitor Cells"	"[PC] HPC"	"BTO:0000725"	"Tal1"	21349	"GSE26031"	"GSM641910"	"tf"
"Fli1_GSM552233_MPP_HPC7"	"Multipotent myeloid progenitor"	"[CL] HPC-7"	"BTO:0000906"	"Fli1"	14247	"GSE22178"	"GSM552233"	"tf"
"Gata2_GSM552234_MPP_HPC7"	"Multipotent myeloid progenitor"	"[CL] HPC-7"	"BTO:0000906"	"Gata2"	14461	"GSE22178"	"GSM552234  "	"tf"
"Gfi1b_GSM552235_MPP_HPC7"	"Multipotent myeloid progenitor"	"[CL] HPC-7"	"BTO:0000906"	"Gfi1b"	14582	"GSE22178"	"GSM552235"	"tf"
"Lmo2_GSM552237_MPP_HPC7"	"Multipotent myeloid progenitor"	"[CL] HPC-7"	"BTO:0000906"	"Lmo2"	16909	"GSE22178"	"GSM552237"	"tf"
"Lyl1_GSM552238_MPP_HPC7"	"Multipotent myeloid progenitor"	"[CL] HPC-7"	"BTO:0000906"	"Lyl1"	17095	"GSE22178"	"GSM552238"	"tf"
"Meis1_GSM552239_MPP_HPC7"	"Multipotent myeloid progenitor"	"[CL] HPC-7"	"BTO:0000906"	"Meis1"	17268	"GSE22178"	"GSM552239"	"tf"
"PU1_GSM552240_MPP_HPC7"	"Multipotent myeloid progenitor"	"[CL] HPC-7"	"BTO:0000906"	"Sfpi1"	20375	"GSE22178"	"GSM552240"	"tf"
"Runx1_GSM552241_MPP_HPC7"	"Multipotent myeloid progenitor"	"[CL] HPC-7"	"BTO:0000906"	"Runx1"	12394	"GSE22178"	"GSM552241"	"tf"
"Scl_GSM552242_MPP_HPC7"	"Multipotent myeloid progenitor"	"[CL] HPC-7"	"BTO:0000906"	"Tal1"	21349	"GSE22178"	"GSM552242"	"tf"
"AF9_GSM721212_MLL"	"Leukaemia"	"[PCL] MLL AF9 blasts"	""	"Mllt3"	70122	"GSE29130"	"GSM721212"	"tf"
"AF9_GSM846042_MLL"	"Leukaemia"	"[PCL] MLL AF9 blasts"	""	"Mllt3"	70122	"GSE34261"	"GSM846042"	"tf"
"Gfi1_GSM786037_MLL-ENL-Preleukemia"	"Leukaemia"	"[PCL] MLL ENL blasts"	""	"Gfi1"	14581	"GSE31657"	"GSM786037"	"tf"
"Notch1_GSM732913_T6E_Leukaemia"	"Leukaemia"	"[CL] T6E T Lymphocyte"	""	"Notch1"	18128	"GSE29600"	"GSM732913"	"tf"
"Notch1_GSM732916_G4A2_Leukaemia"	"Leukaemia"	"[CL] G4A2 T Lymphocyte"	""	"Notch1"	18128	"GSE29600"	"GSM732916"	"tf"
"Notch1_GSM859512_T-ALL"	"Leukaemia"	"[PC] T-ALL"	""	"Notch1"	18128	"GSE34954"	"GSM859512"	"tf"
"RBPJ_GSM732914_T6E_Leukaemia"	"Leukaemia"	"[CL] T6E T Lymphocyte"	""	"Rbpj"	19664	"GSE29600"	"GSM732914"	"tf"
"RBPJ_GSM732917_G4A2_Leukaemia"	"Leukaemia"	"[CL] G4A2 T Lymphocyte"	""	"Rbpj"	19664	"GSE29600"	"GSM732917"	"tf"
"Fli1_GSM989023_c-Kit+"	"Hemogenic endothelium"	"[CL] E14 ES"	""	"Fli1"	14247	"GSE40235"	"GSM989023"	"tf"
"Scl_GSM989024_c-Kit+"	"Hemogenic endothelium"	"[CL] E14 ES"	""	"Tal1"	21349	"GSE40235"	"GSM989024  "	"tf"
"HoxB4_GSM840466_day6_ES-Cells"	"Embryonic Stem Cells"	"[CL] CCE ES"	"BTO:0001086"	"Hoxb4"	15412	"GSE34014"	"GSM840466"	"tf"
"HoxB4_GSM840468_day16_ES-Cells"	"Embryonic Stem Cells"	"[CL] CCE ES"	"BTO:0001086"	"Hoxb4"	15412	"GSE34014"	"GSM840468"	"tf"
"HoxB4_GSM840470_day26_ES-Cells"	"Embryonic Stem Cells"	"[CL] CCE ES"	"BTO:0001086"	"Hoxb4"	15412	"GSE34014"	"GSM840470"	"tf"
"Runx1_In-house_ES-Cells"	"Embryonic Stem Cells"	"[CL] CCE ES Runx1(Venus/+)"	"BTO:0001086"	"Runx1"	12394	"GSE29515"	"GSM730630"	"tf"
"Runx1_GSE31221_EML"	"Hematopoietic progenitors"	"[CL] EML lympho-hematopoietic progenitor"	""	"Runx1"	12394	"GSE31221"	"GSM773995-6"	"tf"
"TCF7_GSM773994_EML"	"Hematopoietic progenitors"	"[CL] EML lympho-hematopoietic progenitor"	""	"Tcf7"	21414	"GSE31221"	"GSM773994"	"tf"
"CTCF_GSM923570_G1E_Erythroid"	"Erythroid"	"[CL] G1E"	"BTO:0002731"	"Ctcf"	13018	"GSE36029"	"GSM923570"	"tf"
"CTCF_GSM923571_G1E-ER4_Erythroid"	"Erythroid"	"[CL] G1E-ER4"	"BTO:0002731"	"Ctcf"	13018	"GSE36029"	"GSM923571  "	"tf"
"CTCF_GSM923573_MEL"	"Mouse ErythroLeukaemic"	"[CL] MEL"	"BTO:0002731"	"Ctcf"	13018	"GSE36029"	"GSM923573"	"tf"
"Eto2_ERA000161_Induced_Erythroid_MEL"	"Mouse ErythroLeukaemic"	"[CL] C88 MEL"	"BTO:0002731"	"Cbfa2t3"	12398	"ERA000161"	"ERX002126"	"tf"
"Eto2_ERA000161_Uninduced_Erythroid_MEL"	"Mouse ErythroLeukaemic"	"[CL] C88 MEL"	"BTO:0002731"	"Cbfa2t3"	12398	"ERA000161"	"ERX002124"	"tf"
"Gata1_ERA000161_Induced_Erythroid_MEL"	"Mouse ErythroLeukaemic"	"[CL] C88 MEL"	"BTO:0002731"	"Gata1"	14460	"ERA000161"	"ERX002130"	"tf"
"Gata1_ERA000161_Uninduced_Erythroid_MEL"	"Mouse ErythroLeukaemic"	"[CL] C88 MEL"	"BTO:0002731"	"Gata1"	14460	"ERA000161"	"ERX002128"	"tf"
"Gata1_GSE30142_TER119_Erythroid"	"Erythroid"	"[PC] Erythroblast"	"BTO:0002731"	"Gata1"	14460	"GSE30142"	"GSM746581-2"	"tf"
"Gata1_GSM453997_G1E_ER4_Erythroid"	"Erythroid"	"[CL] G1E-ER4"	"BTO:0002731"	"Gata1"	14460	"GSE18164"	"GSM453997"	"tf"
"Gata1_GSM746568_ER4_Erythroid"	"Erythroid"	"[CL] G1E-ER4"	"BTO:0002731"	"Gata1"	14460	"GSE30142"	"GSM746568"	"tf"
"Gata1_GSM923572_G1E-ER4_Erythroid"	"Erythroid"	"[CL] G1E-ER4"	"BTO:0002731"	"Gata1"	14460	"GSE36029"	"GSM923572"	"tf"
"Gata1_GSM923575_Erythroblast"	"Erythroid"	"[PC] Erythroblast"	"BTO:0002731"	"Gata1"	14460	"GSE36029"	"GSM923575"	"tf"
"Ldb1_ERA000161_Induced_Erythroid_MEL"	"Mouse ErythroLeukaemic"	"[CL] C88 MEL"	"BTO:0002731"	"Ldb1"	16825	"ERA000161"	"ERX002134"	"tf"
"Ldb1_ERA000161_Uninduced_Erythroid_MEL"	"Mouse ErythroLeukaemic "	"[CL] C88 MEL"	"BTO:0002731"	"Ldb1"	16825	"ERA000161"	"ERX002132"	"tf"
"Mtgr1_ERA000161_Induced_Erythroid_MEL"	"Mouse ErythroLeukaemic "	"[CL] C88 MEL"	"BTO:0002731"	"Cbfa2t2"	12396	"ERA000161"	"ERX002140"	"tf"
"Mtgr1_ERA000161_Uninduced_Erythroid_MEL"	"Mouse ErythroLeukaemic "	"[CL] C88 MEL"	"BTO:0002731"	"Cbfa2t2"	12396	"ERA000161"	"ERX002142"	"tf"
"Scl_ERA000161_Induced_Erythroid_MEL"	"Mouse ErythroLeukaemic "	"[CL] C88 MEL"	"BTO:0002731"	"Tal1"	21349	"ERA000161"	"ERX002138"	"tf"
"Scl_ERA000161_Uninduced_Erythroid_MEL"	"Mouse ErythroLeukaemic "	"[CL] C88 MEL"	"BTO:0002731"	"Tal1"	21349	"ERA000161"	"ERX002136"	"tf"
"Scl_GSE30142_ER4_Erythroid"	"Erythroid"	"[CL] G1E-ER4"	"BTO:0002731"	"Tal1"	21349	"GSE30142"	"GSM746571-2"	"tf"
"Scl_GSE30142_G1E_Erythroid"	"Erythroid"	"[CL] G1E"	"BTO:0002731"	"Tal1"	21349	"GSE30142"	"GSM746555-6"	"tf"
"Scl_GSE30142_TER119_Erythroid"	"Erythroid"	"[PC] Erythroblast"	"BTO:0002731"	"Tal1"	21349	"GSE30142"	"GSM746583-4"	"tf"
"Scl_GSM464634_WT_FL-Erythroid"	"Erythroid"	"[PC] Erythroblast"	"BTO:0002731"	"Tal1"	21349	"GSE18720"	"GSM464634"	"tf"
"Scl_GSM464636_RER_FL-Erythroid"	"Erythroid"	"[PC] Erythroblast RER"	"BTO:0002731"	"Tal1"	21349	"GSE18720"	"GSM464636"	"tf"
"Scl_GSM923576_G1E-ER4_Erythroid"	"Erythroid"	"[CL] G1E-ER4"	"BTO:0002731"	"Tal1"	21349	"GSE36029"	"GSM923576"	"tf"
"Scl_GSM923578_MEL"	"Mouse ErythroLeukaemic "	"[CL] MEL"	"BTO:0002731"	"Tal1"	21349	"GSE36029"	"GSM923578"	"tf"
"Scl_GSM923579_G1E_Erythroid"	"Erythroid"	"[CL] G1E"	"BTO:0002731"	"Tal1"	21349	"GSE36029"	"GSM923579  "	"tf"
"Scl_GSM923582_Erythroblast"	"Erythroid"	"[PC] Erythroblast"	"BTO:0002731"	"Tal1"	21349	"GSE36029"	"GSM923582"	"tf"
"Gata1_GSM722390_G1ERbmp_Erythroid-Prog"	"Erythroid Progenitors"	"[CL] G1ER"	"BTO:0004911"	"Gata1"	14460	"GSE29193"	"GSM722390"	"tf"
"Gata1_GSM867156_Proliferating_ES-Erythroid-Prog"	"Erythroid Progenitors"	"[CL] ES EP"	"BTO:0004911"	"Gata1"	14460	"GSE35385"	"GSM867156-7"	"tf"
"Gata1_GSM867158_Differentiating_ES-Erythroid-Prog"	"Erythroid Progenitors"	"[CL] ES EP"	"BTO:0004911"	"Gata1"	14460	"GSE35385"	"GSM867158-60"	"tf"
"Gata2_GSM722387_G1Ebmp_Erythroid-Prog"	"Erythroid Progenitors"	"[CL] G1E "	"BTO:0004911"	"Gata2"	14461	"GSE29193"	"GSM722387"	"tf"
"PU1_GSE21953_ES-Erythroid-Prog"	"Erythroid Progenitors"	"[CL] ES EP"	"BTO:0004911"	"Sfpi1"	20375	"GSE21953"	"GSM545888-91"	"tf"
"PU1_GSE21953_MEL_Erythroid"	"Erythroid Progenitors"	"[CL] MEL (Gata1/ER)"	"BTO:0004911"	"Sfpi1"	20375	"GSE21953"	"GSM545882-5"	"tf"
"Smad1_GSM722388_G1Ebmp_Erythroid-Prog"	"Erythroid Progenitors"	"[CL] G1E "	"BTO:0004911"	"Smad1"	17125	"GSE29193"	"GSM722388"	"tf"
"Smad1_GSM722391_G1ERbmp_Erythroid-Prog"	"Erythroid Progenitors"	"[CL] G1ER"	"BTO:0004911"	"Smad1"	17125	"GSE29193"	"GSM722391"	"tf"
"CEBPb_GSM989017_Uninduced_HE"	"Hemogenic endothelium"	"[CL] E14 ES"	""	"Cebpb"	12608	"GSE40235"	"GSM989017"	"tf"
"Fli1_GSM989015_Uninduced_HE"	"Hemogenic endothelium"	"[CL] E14 ES"	""	"Fli1"	14247	"GSE40235"	"GSM989015"	"tf"
"Fli1_GSM989016_Induced_HE"	"Hemogenic endothelium"	"[CL] E14 ES"	""	"Fli1"	14247	"GSE40235"	"GSM989016"	"tf"
"Runx1_GSM989013_Uninduced_HE"	"Hemogenic endothelium"	"[CL] E14 ES"	""	"Runx1"	12394	"GSE40235"	"GSM989013"	"tf"
"Runx1_GSM989014_Induced_HE"	"Hemogenic endothelium"	"[CL] E14 ES"	""	"Runx1"	12394	"GSE40235"	"GSM989014"	"tf"
"Scl_GSM989018_Uninduced_HE"	"Hemogenic endothelium"	"[CL] E14 ES"	""	"Tal1"	21349	"GSE40235"	"GSM989018"	"tf"
"Scl_GSM989019_Induced_HE"	"Hemogenic endothelium"	"[CL] E14 ES"	""	"Tal1"	21349	"GSE40235"	"GSM989019"	"tf"
"CBFb_GSM832312_Induced_MK"	"Megakaryoblastic cells"	"[CL] L8057"	"BTO:0001164"	"Cbfb"	12400	"GSE33653"	"GSM832312"	"tf"
"CBFb_GSM832316_Uninduced_MK"	"Megakaryoblastic cells"	"[CL] L8057"	"BTO:0001164"	"Cbfb"	12400	"GSE33653"	"GSM832316"	"tf"
"Ets1_GSM777093_G1ME_MK-Prog"	"Megakaryocyte Progenitors"	"[CL] G1ME (Gata1 null)"	"BTO:0001164"	"Ets1"	23871	"GSE31331"	"GSM777093"	"tf"
"Gata1_GSM777092_G1ME_MK-Prog"	"Megakaryocyte Progenitors"	"[CL] G1ME (Gata1 null)"	"BTO:0001164"	"Gata1"	14460	"GSE31331"	"GSM777092"	"tf"
"Gata1_GSM923586_MK-Prog"	"Megakaryocyte"	"[PC] Megakaryocytes"	"BTO:0001164"	"Gata1"	14460	"GSE36029"	"GSM923586"	"tf"
"Gata2_GSM777091_G1ME_MK-Prog"	"Megakaryocyte Progenitors"	"[CL] G1ME (Gata1 null)"	"BTO:0001164"	"Gata2"	14461	"GSE31331"	"GSM777091"	"tf"
"Ring1b_GSM832313_Induced_MK-Prog"	"Megakaryoblastic cells"	"[CL] L8057"	"BTO:0001164"	"Rnf2"	19821	"GSE33653"	"GSM832313"	"tf"
"Ring1b_GSM832317_Uninduced_MK-Prog"	"Megakaryoblastic cells"	"[CL] L8057"	"BTO:0001164"	"Rnf2"	19821	"GSE33653"	"GSM832317"	"tf"
"Ring1b_GSM832320_alt_ab_MK-Prog"	"Megakaryoblastic cells"	"[CL] L8057"	"BTO:0001164"	"Rnf2"	19821	"GSE33653"	"GSM832320"	"tf"
"Runx1_GSM832311_Induced_MK-Prog"	"Megakaryoblastic cells"	"[CL] L8057"	"BTO:0001164"	"Runx1"	12394	"GSE33653"	"GSM832311"	"tf"
"Runx1_GSM832315_Uninduced_MK-Prog"	"Megakaryoblastic cells"	"[CL] L8057"	"BTO:0001164"	"Runx1"	12394	"GSE33653"	"GSM832315"	"tf"
"Runx1_GSM832319_alt_ab_MK-Prog"	"Megakaryoblastic cells"	"[CL] L8057"	"BTO:0001164"	"Runx1"	12394	"GSE33653"	"GSM832319"	"tf"
"c-Myb_GSM912903_MEL"	"Mouse ErythroLeukaemic"	"[CL] MEL"	"BTO:0004475"	"Myb"	17863	"GSE36030"	"GSM912903"	"tf"
"c-Myc_GSM912934_MEL"	"Mouse ErythroLeukaemic"	"[CL] MEL"	"BTO:0004475"	"Myc"	17869	"GSE36030"	"GSM912934"	"tf"
"CHD2_GSM912929_MEL"	"Mouse ErythroLeukaemic"	"[CL] MEL"	"BTO:0004475"	"Chd2"	244059	"GSE36030"	"GSM912929"	"tf"
"CTCF_GSM912896_MEL"	"Mouse ErythroLeukaemic"	"[CL] MEL"	"BTO:0004475"	"Ctcf"	13018	"GSE36030"	"GSM912896"	"tf"
"Gata1_GSM912907_MEL"	"Mouse ErythroLeukaemic"	"[CL] MEL"	"BTO:0004475"	"Gata1"	14460	"GSE36030"	"GSM912907"	"tf"
"JunD_GSM912915_MEL"	"Mouse ErythroLeukaemic"	"[CL] MEL"	"BTO:0004475"	"Jund"	16478	"GSE36030"	"GSM912915"	"tf"
"MafK_GSM912899_MEL"	"Mouse ErythroLeukaemic"	"[CL] MEL"	"BTO:0004475"	"Mafk"	17135	"GSE36030"	"GSM912899"	"tf"
"Max_GSM912919_MEL"	"Mouse ErythroLeukaemic"	"[CL] MEL"	"BTO:0004475"	"Max"	17187	"GSE36030"	"GSM912919"	"tf"
"Mxi1_GSM912928_MEL"	"Mouse ErythroLeukaemic"	"[CL] MEL"	"BTO:0004475"	"Mxi1"	17859	"GSE36030"	"GSM912928"	"tf"
"NELFe_GSM912932_MEL"	"Mouse ErythroLeukaemic"	"[CL] MEL"	"BTO:0004475"	"Rdbp"	27632	"GSE36030"	"GSM912932"	"tf"
"p300_GSM912893_MEL"	"Mouse ErythroLeukaemic"	"[CL] MEL"	"BTO:0004475"	"Ep300"	328572	"GSE36030"	"GSM912893"	"tf"
"p300_GSM912921_MEL"	"Mouse ErythroLeukaemic"	"[CL] MEL"	"BTO:0004475"	"Ep300"	328572	"GSE36030"	"GSM912921"	"tf"
"Rad21_GSM912933_DMSO_MEL"	"Mouse ErythroLeukaemic"	"[CL] MEL"	"BTO:0004475"	"Rad21"	19357	"GSE36030"	"GSM912933"	"tf"
"Rad21_GSM912935_MEL"	"Mouse ErythroLeukaemic"	"[CL] MEL"	"BTO:0004475"	"Rad21"	19357	"GSE36030"	"GSM912935"	"tf"
"SMC3_GSM912923_MEL"	"Mouse ErythroLeukaemic"	"[CL] MEL"	"BTO:0004475"	"Smc3"	13006	"GSE36030"	"GSM912923"	"tf"
"TBP_GSM912913_MEL"	"Mouse ErythroLeukaemic"	"[CL] MEL"	"BTO:0004475"	"Tbp"	21374	"GSE36030"	"GSM912913"	"tf"
"USF2_GSM912892_MEL"	"Mouse ErythroLeukaemic"	"[CL] MEL"	"BTO:0004475"	"Usf2"	22282	"GSE36030"	"GSM912892"	"tf"
"CEBPa_GSM537984_Macrophages"	"Macrophages"	"[PC] Peritoneal Macrophage"	"BTO:0000801"	"Cebpa"	12606	"GSE21512"	"GSM537984"	"tf"
"CEBPb_GSM537985_Macrophages"	"Macrophages"	"[PC] Peritoneal Macrophage"	"BTO:0000801"	"Cebpb"	12608	"GSE21512"	"GSM537985"	"tf"
"p300_GSM487448_Macrophages"	"Macrophages"	"[PC] Bone Marrow Macrophage"	"BTO:0004732"	"Ep300"	328572	"GSE19553"	"GSM487448"	"tf"
"p65_GSM611116_Activated_Macrophages"	"Macrophages"	"[PC] Bone Marrow Macrophage"	"BTO:0004732"	"Rela"	19697	"GSE16723"	"GSM611116"	"tf"
"PPARg_GSM532739_Macrophages"	"Macrophages"	"[PC] Peritoneal Macrophage"	"BTO:0000801"	"Pparg"	19016	"GSE21314"	"GSM532739"	"tf"
"PU1_GSM487450_Macrophages"	"Macrophages"	"[PC] Bone Marrow Macrophage"	"BTO:0004732"	"Sfpi1"	20375	"GSE19553"	"GSM487450"	"tf"
"PU1_GSM487451_Activated_Macrophages"	"Macrophages"	"[PC] Bone Marrow Macrophage"	"BTO:0004732"	"Sfpi1"	20375	"GSE19553"	"GSM487451"	"tf"
"PU1_GSM537983_Macrophages"	"Macrophages"	"[PC] Peritoneal Macrophage"	"BTO:0000801"	"Sfpi1"	20375	"GSE21512"	"GSM537983"	"tf"
"Stat1_GSM838681_Untreated_WT_BMM"	"Macrophages"	"[PC] Bone Marrow Macrophage"	"BTO:0004732"	"Stat1"	20846	"GSE33913"	"GSM838681"	"tf"
"Stat1_GSM838683_6h_IFNg_WT_BMM"	"Macrophages"	"[PC] Bone Marrow Macrophage"	"BTO:0004732"	"Stat1"	20846	"GSE33913"	"GSM838683"	"tf"
"Stat1_GSM838685_6h_IFNb_WT_BMM"	"Macrophages"	"[PC] Bone Marrow Macrophage"	"BTO:0004732"	"Stat1"	20846	"GSE33913"	"GSM838685"	"tf"
"Stat1_GSM838687_Untreated_ikk_BMM"	"Macrophages"	"[PC] Bone Marrow Macrophages (Ikbke-/-)"	"BTO:0004732"	"Stat1"	20846	"GSE33913"	"GSM838687"	"tf"
"Stat1_GSM838689_6h_IFNg_ikk_BMM"	"Macrophages"	"[PC] Bone Marrow Macrophages (Ikbke-/-)"	"BTO:0004732"	"Stat1"	20846	"GSE33913"	"GSM838689"	"tf"
"Stat1_GSM838691_6h_IFNb_ikk_BMM"	"Macrophages"	"[PC] Bone Marrow Macrophages (Ikbke-/-)"	"BTO:0004732"	"Stat1"	20846	"GSE33913"	"GSM838691"	"tf"
"Myb-Activated_GSE22095_Myeloid-Prog"	"Myeloid Progenitors"	"[CL] ERMYB (granulocyte/macrophage precursor)"	"BTO:0004730"	"Myb"	17863	"GSE22095"	"GSM549337-39-41"	"tf"
"Fli1_GSM654874_Th2_T-Cells"	"T-Cells"	"[PC] Th2"	"BTO:0001679"	"Fli1"	14247	"GSE20898"	"GSM654874"	"tf"
"Gata3_GSM523221_DN_T-Cells"	"T-Cells"	"[PC] DN"	"BTO:0001145"	"Gata3"	14462	"GSE20898"	"GSM523221"	"tf"
"Gata3_GSM523222_DP_T-Cells"	"T-Cells"	"[PC] DP"	"BTO:0000782"	"Gata3"	14462	"GSE20898"	"GSM523222"	"tf"
"Gata3_GSM523223_CD4_T-Cells"	"T-Cells"	"[PC] CD4"	""	"Gata3"	14462	"GSE20898"	"GSM523223"	"tf"
"Gata3_GSM523224_CD8_T-Cells"	"T-Cells"	"[PC] CD8"	""	"Gata3"	14462	"GSE20898"	"GSM523224"	"tf"
"Gata3_GSM523225_Th1_T-Cells"	"T-Cells"	"[PC] Th1"	"BTO:0001678"	"Gata3"	14462	"GSE20898"	"GSM523225"	"tf"
"Gata3_GSM523226_Th2_T-Cells"	"T-Cells"	"[PC] Th2"	"BTO:0001679"	"Gata3"	14462	"GSE20898"	"GSM523226"	"tf"
"Gata3_GSM523228_Th17_T-Cells"	"T-Cells"	"[PC] Th17"	""	"Gata3"	14462	"GSE20898"	"GSM523228"	"tf"
"Gata3_GSM523229_iTreg_T-Cells"	"T-Cells"	"[PC] iTreg"	"BTO:0004520"	"Gata3"	14462	"GSE20898"	"GSM523229"	"tf"
"Gata3_GSM523230_nTreg_T-Cells"	"T-Cells"	"[PC] nTreg"	"BTO:0004520"	"Gata3"	14462	"GSE20898"	"GSM523230"	"tf"
"Gata3_GSM523231_NKT_T-Cells"	"T-Cells"	"[PC] NKT"	""	"Gata3"	14462	"GSE20898"	"GSM523231"	"tf"
"Gata3_GSM774295_FLDN1_T-Cells"	"T-Cells"	"[PC] FLDN1"	""	"Gata3"	14462	"GSE31235"	"GSM774295 "	"tf"
"Gata3_GSM774296_FLDN2b_T-Cells"	"T-Cells"	"[PC] FLDN2b"	""	"Gata3"	14462	"GSE31235"	"GSM774296"	"tf"
"Gata3_GSM774297_ThyDP_T-Cells"	"T-Cells"	"[PC] Thy DP (TCRa -/-)"	""	"Gata3"	14462	"GSE31235"	"GSM774297"	"tf"
"PU1_GSM774291_FLDN1_T-Cells"	"T-Cells"	"[PC] FLDN1"	""	"Sfpi1"	20375	"GSE31235"	"GSM774291"	"tf"
"PU1_GSM774292_FLDN2a_T-Cells"	"T-Cells"	"[PC] FLDN2a"	""	"Sfpi1"	20375	"GSE31235"	"GSM774292"	"tf"
"PU1_GSM774293_FLDN2b_T-Cells"	"T-Cells"	"[PC] FLDN2b"	""	"Sfpi1"	20375	"GSE31235"	"GSM774293"	"tf"
"Stat3_GSM540722_Th17_T-Cells"	"T-Cells"	"[PC] Th17"	""	"pStat3"	20848	"GSE21669 "	"GSM540722"	"tf"
"Stat3_GSM652877_Il6_T-Cells"	"T-Cells"	"[PC] Th17"	""	"Stat3"	20848	"GSE26552"	"GSM652877"	"tf"
"Stat4_GSM550303_Th1_T-Cells"	"T-Cells"	"[PC] Th1"	"BTO:0001678"	"Stat4"	20849	"GSE22104"	"GSM550303"	"tf"
"Stat5_GSM652878_Il2_T-Cells"	"T-Cells"	"[PC] Th17"	""	"Stat5a/b"	20850	"GSE26552"	"GSM652878"	"tf"
"Stat5a_GSM310071_8hr_Th2_T-Cells"	"T-Cells"	"[PC] Th2"	"BTO:0001679"	"Stat5a"	20850	"GSE12346"	"GSM310071"	"tf"
"Stat5a_GSM310074_13hr_Th2_T-Cells"	"T-Cells"	"[PC] Th2"	"BTO:0001679"	"Stat5a"	20850	"GSE12346"	"GSM310074"	"tf"
"Stat5a_GSM310077_2rounds_Th2_T-Cells"	"T-Cells"	"[PC] Th2"	"BTO:0001679"	"Stat5a"	20850	"GSE12346"	"GSM310077"	"tf"
"Stat5a_GSM904760_WT-IL2_T-Cells"	"T-Cells"	"[PC] Splenic T cells"	""	"Stat5a"	20850	"GSE36882"	"GSM904760"	"tf"
"Stat5a_GSM904766_DKI-IL2_T-Cells"	"T-Cells"	"[PC] Splenic T cells (stat5a/stat5b double knock in)"	""	"Stat5a"	20850	"GSE36882"	"GSM904766"	"tf"
"Stat5b_GSM310072_8hr_Th2_T-Cells"	"T-Cells"	"[PC] Th2"	"BTO:0001679"	"Stat5b"	20851	"GSE12346"	"GSM310072"	"tf"
"Stat5b_GSM310075_13hr_Th2_T-Cells"	"T-Cells"	"[PC] Th2"	"BTO:0001679"	"Stat5b"	20851	"GSE12346"	"GSM310075"	"tf"
"Stat5b_GSM310078_2rounds_Th2_T-Cells"	"T-Cells"	"[PC] Th2"	"BTO:0001679"	"Stat5b"	20851	"GSE12346"	"GSM310078"	"tf"
"Stat5b_GSM904761_WT-IL2_T-Cells"	"T-Cells"	"[PC] Splenic T cells"	""	"Stat5b"	20851	"GSE36882"	"GSM904761"	"tf"
"Stat5b_GSM904767_DKI-IL2_T-Cells"	"T-Cells"	"[PC] Splenic T cells (stat5a/stat5b double knock in)"	""	"Stat5b"	20851	"GSE36882"	"GSM904767"	"tf"
"Stat6_GSM550311_Th2_T-Cells"	"T-Cells"	"[PC] Th2"	"BTO:0001679"	"Stat6"	20852	"GSE22104"	"GSM550311"	"tf"
"Tbet_GSM836124_WT_Th1_T-Cells"	"T-Cells"	"[PC] Th1"	"BTO:0001678"	"Tbx21"	57765	"GSE33802"	"GSM836124"	"tf"
"CBFb_GSM832322_Thymocyte"	"Thymocytes"	"[PC] Thymocyte (Runx1fl/fl)"	"BTO:0001372"	"Cbfb"	12400	"GSE33653"	"GSM832322"	"tf"
"Rag2_GSM530318_Thymocytes"	"Thymocytes"	"[PC] Thymocytes"	"BTO:0001372"	"Rag2"	19374	"GSE21207"	"GSM530318"	"tf"
"Ring1b_GSM832323_Thymocyte"	"Thymocytes"	"[PC] Thymocyte (Runx1fl/fl)"	"BTO:0001372"	"Rnf2"	19821	"GSE33653"	"GSM832323 "	"tf"
"Runx1_GSM832321_Thymocyte"	"Thymocytes"	"[PC] Thymocyte (Runx1fl/fl)"	"BTO:0001372"	"Runx1"	12394	"GSE33653"	"GSM832321"	"tf"
"BatF_GSE40918_Th0_IRF4_ko_48h_T_Cells"	"T-Cells"	"[PC] Th0 (IRF4 KO)"	"BTO:0002417"	"Batf"	53314	"GSE40918"	"GSM1004790-2 "	"tf"
"BatF_GSE40918_Th0_IRF4_wt_48h_T_Cells"	"T-Cells"	"[PC] Th0"	"BTO:0002417"	"Batf"	53314	"GSE40918"	"GSM1004789-91 "	"tf"
"BatF_GSE40918_Th0_wt_T_Cells"	"T-Cells"	"[PC] Th0"	"BTO:0002417"	"Batf"	53314	"GSE40918"	"GSM1004784-5 "	"tf"
"BatF_GSE40918_Th17_IRF4_ko_48h_T_Cells"	"T-Cells"	"[PC] Th17 (IRF4 KO)"	""	"Batf"	53314	"GSE40918"	"GSM1004795-7 "	"tf"
"BatF_GSE40918_Th17_IRF4_wt_48h_T_Cells"	"T-Cells"	"[PC] Th17"	""	"Batf"	53314	"GSE40918"	"GSM1004794-6 "	"tf"
"BatF_GSE40918_Th17_wt_T_Cells"	"T-Cells"	"[PC] Th17"	""	"Batf"	53314	"GSE40918"	"GSM1004786-7 "	"tf"
"BatF_GSM1004793_Th17_wt_16h_T_Cells"	"T-Cells"	"[PC] Th17"	""	"Batf"	53314	"GSE40918"	"GSM1004793 "	"tf"
"BatF_GSM978758_WT-IL21_CD4_T-Cells"	"T-Cells"	"[PC] CD4+"	""	"Batf"	53314	"GSE39756"	"GSM978758"	"tf"
"BatF_GSM978767_Th17_T-Cells"	"T-Cells"	"[PC] Th17"	""	"Batf"	53314	"GSE39756"	"GSM978767"	"tf"
"Cbx7_GSM898200_HPC"	"Haematopoietic Progenitor Cells"	"[PC] HPC"	""	"Cbx7"	52609	"GSE36658"	"GSM898200"	"tf"
"Cbx8_GSM898201_HPC"	"Haematopoietic Progenitor Cells"	"[PC] HPC"	""	"Cbx8"	30951	"GSE36658"	"GSM898201"	"tf"
"cJun_GSM978770_WJL2012_096_Th17_T_Cells"	"T-Cells"	"[PC] Th17"	""	"Jun"	16476	"GSE39756"	"GSM978770"	"tf"
"cMaf_GSE40918_wt_Th17_T_Cells"	"T-Cells"	"[PC] Th17"	""	"Maf"	17132	"GSE40918"	"GSM1004799-800 "	"tf"
"CTCF_GSE40918_Th0_wt_T_Cells"	"T-Cells"	"[PC] Th0"	"BTO:0002417"	"Ctcf"	13018	"GSE40918"	"GSM1004802-3 "	"tf"
"CTCF_GSE40918_Th17_wt_T_Cells"	"T-Cells"	"[PC] Th17"	""	"Ctcf"	13018	"GSE40918"	"GSM1004804-5 "	"tf"
"CTCF_GSM1023416_Rag1--_DN_Thymocytes"	"Thymocytes"	"[PC] CD4-CD8- (Rag1 KO)"	""	"Ctcf"	13018	"GSE41743"	"GSM1023416"	"tf"
"CTCF_GSM1023418_Rag1--_DP_Thymocytes"	"Thymocytes"	"[PC] CD4+CD8+ (Rag1 KO with TCRb transgene)"	""	"Ctcf"	13018	"GSE41743"	"GSM1023418"	"tf"
"CTCF_GSM1023420_Rag1--_Pro_B_Cells"	"B-Cells"	"[PC] Pro-B-Cells (Rag1 KO)"	""	"Ctcf"	13018	"GSE41743"	"GSM1023420"	"tf"
"CTCF_GSM918734_Immortalized_Thymus"	"Thymus"	"[PC] "	"BTO:0001374"	"Ctcf"	13018	"GSE36027"	"GSM918734"	"tf"
"CTCF_GSM918744_Immortalized_Erythroid"	"Mouse ErythroLeukaemic"	"[CL] MEL"	"BTO:0002731"	"Ctcf"	13018	"GSE36027"	"GSM918744"	"tf"
"Elf1_GSM999184_Treg_T-Cells"	"T-Cells"	"[PC] CD4+ Treg"	"BTO:0004520"	"Elf1"	13709	"GSE40684"	"GSM999184"	"tf"
"Elf1_GSM999185_TN_T-Cells"	"T-Cells"	"[PC] CD4+ (Foxp3 KO)"	""	"Elf1"	13709	"GSE40684"	"GSM999185"	"tf"
"Ets1_GSM999186_Treg_T-Cells"	"T-Cells"	"[PC] CD4+ Treg "	"BTO:0004520"	"Ets1"	23871	"GSE40684"	"GSM999186"	"tf"
"Ets1_GSM999187_CD4_T-Cells"	"T-Cells"	"[PC] CD4+ (Foxp3 KO)"	""	"Ets1"	23871	"GSE40684"	"GSM999187"	"tf"
"Etv6_GSE40918_Th17_wt_48h_T_Cells"	"T-Cells"	"[PC] Th17"	""	"Etv6"	14011	"GSE40918"	"GSM1004806-7 "	"tf"
"Fosl2_GSE40918_Th17_wt_T_Cells"	"T-Cells"	"[PC] Th17"	""	"Fosl2"	14284	"GSE40918"	"GSM1004809-10 "	"tf"
"Fosl2_GSM1004808_Th0_wt_T_Cells"	"T-Cells"	"[PC] Th0"	"BTO:0002417"	"Fosl2"	14284	"GSE40918"	"GSM1004808 "	"tf"
"Foxo1_GSM998924_Ab_nTreg_T_Cells"	"T-Cells"	"[PC] nTreg"	"BTO:0004520"	"Foxo1"	56458	"GSE40656"	"GSM998924"	"tf"
"Foxp3_GSE40684_Treg_T-Cells"	"T-Cells"	"[PC] CD4+ Treg "	"BTO:0004520"	"Foxp3"	20371	"GSE40684"	"GSM999179-80+82"	"tf"
"GATA-1_Ab11835_Ter119-_Pro_Erythroblasts"	"Erythroid"	"[PC] Ter119- Erythroblasts"	"BTO:0001571"	"Gata1"	14460	"Ab11835"	"E-MTAB-1504"	"tf"
"GATA-1_Ab11835_Ter119+_Differentiated_Erythrocytes"	"Erythroid"	"[PC] Ter119+ Erythrocytes"	"BTO:0000424"	"Gata1"	14460	"Ab11835"	"E-MTAB-1504"	"tf"
"Gata1_GSM897224_async_G1E-ER4+E2_Erythroid"	"Erythroid"	"[CL] G1E-ER4"	"BTO:0002731"	"Gata1"	14460	"GSE36589"	"GSM897224"	"tf"
"H3K27ac_GSM1022264_stat6ko_ctrl_UT_BMDM"	"Macrophages"	"[PC] Bone Marrow Macrophage (Stat6 KO)"	"BTO:0000801"	"H3K27ac"	""	"GSE38377"	"GSM1022264"	"histone"
"H3K4me2_GSE40918_Th17_RORg_ko_T_Cells"	"T-Cells"	"[PC] Th17 (RORg KO)"	""	"H3K4me2"	""	"GSE40918"	"GSM1004812-4 "	"histone"
"H3K4me2_GSE40918_Th17_RORg_wt_T_Cells"	"T-Cells"	"[PC] Th17"	""	"H3K4me2"	""	"GSE40918"	"GSM1004811-3 "	"histone"
"H3K4me3_GSE40918_Th17_RORg_ko_T_Cells"	"T-Cells"	"[PC] Th17 (RORg KO)"	""	"H3K4me3"	""	"GSE40918"	"GSM1004816-8 "	"histone"
"H3K4me3_GSE40918_Th17_RORg_wt_T_Cells"	"T-Cells"	"[PC] Th17"	""	"H3K4me3"	""	"GSE40918"	"GSM1004815-7 "	"histone"
"HA-Ikaros_GSE38200_epitope-tagged_Pre_B_Cell"	"B-Cells"	"[CL] B3 pre-B cells"	""	"Ikzf1"	22778	"GSE38200"	"GSM936201-2"	"tf"
"Hif1a_GSE40918_Th17_wt_48h_T_Cells"	"T-Cells"	"[PC] Th17"	""	"Hif1a"	15251	"GSE40918"	"GSM1004819-20 "	"tf"
"Hoxa_GSE33518_Myeloblastic_bone_marrow"	"Myeloblastic"	"[CL] HM2"	"BTO:0000740"	"Hoxa"	111336	"GSE33518"	"GSM842249-52"	"tf"
"Ikaros_GSE38200_endogenous_Pre_B_Cell"	"B-Cells"	"[CL] B3 pre-B cells"	""	"Ikzf1"	22778	"GSE38200"	"GSM936199-200"	"tf"
"Ikaros_GSE38200_endogenous_Primary_Pre_B_Cells"	"B-Cells"	"[PC] Primary_Pre_B_Cells"	""	"Ikzf1"	22778	"GSE38200"	"GSM1040573-4"	"tf"
"IRF4_GSE40918_Th0_wt_T_Cells"	"T-Cells"	"[PC] Th0"	"BTO:0002417"	"Irf4"	16364	"GSE40918"	"GSM1004823-4 "	"tf"
"IRF4_GSE40918_Th17_RORg_ko_T_Cells"	"T-Cells"	"[PC] Th17 (RORg KO)"	""	"Irf4"	16364	"GSE40918"	"GSM1004834-6 "	"tf"
"IRF4_GSE40918_Th17_RORg_wt_T_Cells"	"T-Cells"	"[PC] Th17"	""	"Irf4"	16364	"GSE40918"	"GSM1004833-5 "	"tf"
"IRF4_GSM1004821_48h_Th0_Batf++_T_Cells"	"T-Cells"	"[PC] Th0"	"BTO:0002417"	"Irf4"	16364	"GSE40918"	"GSM1004821 "	"tf"
"IRF4_GSM1004822_48h_Th0_Batf--_T_Cells"	"T-Cells"	"[PC] Th0 (Batf KO)"	"BTO:0002417"	"Irf4"	16364	"GSE40918"	"GSM1004822 "	"tf"
"IRF4_GSM1004825_Th0_Batf_wt_T_Cells"	"T-Cells"	"[PC] Th0"	"BTO:0002417"	"Irf4"	16364	"GSE40918"	"GSM1004825 "	"tf"
"IRF4_GSM1004826_Th0_Batf_ko_T_Cells"	"T-Cells"	"[PC] Th0 (Baft KO)"	"BTO:0002417"	"Irf4"	16364	"GSE40918"	"GSM1004826 "	"tf"
"IRF4_GSM1004827_Th17_wt_16h_T_Cells"	"T-Cells"	"[PC] Th17"	""	"Irf4"	16364	"GSE40918"	"GSM1004827 "	"tf"
"IRF4_GSM1004828_Th17_wt_3h_T_Cells"	"T-Cells"	"[PC] Th17"	""	"Irf4"	16364	"GSE40918"	"GSM1004828 "	"tf"
"IRF4_GSM1004829_Th17_Batf_++_48h_T_Cells"	"T-Cells"	"[PC] Th17"	""	"Irf4"	16364	"GSE40918"	"GSM1004829 "	"tf"
"IRF4_GSM1004830_Th17_Batf_--_48h_T_Cells"	"T-Cells"	"[PC] Th17 (Baft KO)"	""	"Irf4"	16364	"GSE40918"	"GSM1004830 "	"tf"
"IRF4_GSM1004831_Th17_wt_T_Cells"	"T-Cells"	"[PC] Th17"	""	"Irf4"	16364	"GSE40918"	"GSM1004831 "	"tf"
"IRF4_GSM1004837_Th17_Batf_wt_T_Cells"	"T-Cells"	"[PC] Th17"	""	"Irf4"	16364	"GSE40918"	"GSM1004837 "	"tf"
"IRF4_GSM1004838_Th17_Batf_ko_T_Cells"	"T-Cells"	"[PC] Th17 (Baft KO)"	""	"Irf4"	16364	"GSE40918"	"GSM1004838 "	"tf"
"IRF4_GSM978747_WT_noIL21_B-Cells"	"B-Cells"	"[PC] B-Cells"	"BTO:0000776"	"Irf4"	16364	"GSE39756"	"GSM978747"	"tf"
"IRF4_GSM978748_WT_withIL21_B-Cells"	"B-Cells"	"[PC] B-Cells"	"BTO:0000776"	"Irf4"	16364	"GSE39756"	"GSM978748"	"tf"
"IRF4_GSM978750_GA05L5_WT_noIL21_CD4-Cells"	"T-Cells"	"[PC] CD4+"	""	"Irf4"	16364	"GSE39756"	"GSM978750"	"tf"
"IRF4_GSM978751_GA06L7_WT_withIL21_CD4-Cells"	"T-Cells"	"[PC] CD4+"	""	"Irf4"	16364	"GSE39756"	"GSM978751"	"tf"
"IRF4_GSM978768_WJL2012_094_Th17-Cells"	"T-Cells"	"[PC] Th17"	""	"Irf4"	16364	"GSE39756"	"GSM978768"	"tf"
"IRF8_GSM950325_MSCVIRF8_Day3_Tot2_Myeloid"	"Myeloid progenitor cells"	"[CL] Tot2 (Irf8 KO)"	""	"Irf8"	15900	"GSE38824"	"GSM950325"	"tf"
"Jmjd3_GSM1004839_Th17_wt_48h_T_Cells"	"T-Cells"	"[PC] Th17"	""	"Kdm6b"	216850	"GSE40918"	"GSM1004839 "	"tf"
"Jmjd6_GSM1004840_Th17_wt_48h_T_Cells"	"T-Cells"	"[PC] Th17"	""	"Kdm6b"	216850	"GSE40918"	"GSM1004840 "	"tf"
"JunB_GSM1022318_UT_BMDM"	"Macrophages"	"[PC] Bone Marrow Macrophage"	"BTO:0004732"	"Junb"	16477	"GSE38377"	"GSM1022318"	"tf"
"JunB_GSM1022319_LPS_4h_BMDM"	"Macrophages"	"[PC] Bone Marrow Macrophage"	"BTO:0004732"	"Junb"	16477	"GSE38377"	"GSM1022319"	"tf"
"JunB_GSM978769_WJL2012_095_Th17-Cells"	"T-Cells"	"[PC] Th17"	""	"Junb"	16477	"GSE39756"	"GSM978769"	"tf"
"JunD_GSM978771_WJL2012_097_Th17-Cells"	"T-Cells"	"[PC] Th17"	""	"Jund"	16478	"GSE39756"	"GSM978771"	"tf"
"Ldb1_GSM1055553_Flk1+_BL-CFCs"	"Hemangioblasts"	"[CL] Flk1 + blast colony-forming cells (BL-CFCs)"	""	"Ldb1"	16825	"GSE43044"	"GSM1055553"	"tf"
"Med1_GSM1038263_Pro_B_Cell"	"B-Cells"	"[CL] 38B9 Pro-B-cells"	""	"Med1"	19014	"GSE44288"	"GSM1038263"	"tf"
"Meis1_GSE33518_Myeloblastic_bone_marrow"	"Myeloid"	"[CL] HM2"	"BTO:0000740"	"Meis1"	17268	"GSE33518"	"GSM842248-51"	"tf"
"p300_GSE40463_WT_Th1_T_Cells"	"T-Cells"	"[PC] Th1 CD4+"	""	"Ep300"	328572	"GSE40463"	"GSM994508-529"	"tf"
"p300_GSE40463_WT_Th2_T_Cells"	"T-Cells"	"[PC] Th2 CD4+"	""	"Ep300"	328572	"GSE40463"	"GSM994516-533"	"tf"
"p300_GSE40918_Th0_wt_T_Cells"	"T-Cells"	"[PC] Th0"	"BTO:0002417"	"Ep300"	328572	"GSE40918"	"GSM1004841-2 "	"tf"
"p300_GSE40918_Th17_wt_T_Cells"	"T-Cells"	"[PC] Th17"	""	"Ep300"	328572	"GSE40918"	"GSM1004849-50 "	"tf"
"p300_GSM1004843_Th17_Stat3_++_CD4-Cre_48h_T_Cells"	"T-Cells"	"[PC] Th17 (Stat3 WT CD4-Cre)"	""	"Ep300"	328572	"GSE40918"	"GSM1004843 "	"tf"
"p300_GSM1004844_Th17_Stat3_flfl_CD4-Cre_48h_T_Cells"	"T-Cells"	"[PC] Th17 (Stat3 fl/fl CD4-Cre)"	""	"Ep300"	328572	"GSE40918"	"GSM1004844 "	"tf"
"p300_GSM1004845_Th17_Batf_++_48h_T_Cells"	"T-Cells"	"[PC] Th17"	""	"Ep300"	328572	"GSE40918"	"GSM1004845 "	"tf"
"p300_GSM1004846_Th17_Batf_--_48h_T_Cells"	"T-Cells"	"[PC] Th17 (Baft KO)"	""	"Ep300"	328572	"GSE40918"	"GSM1004846 "	"tf"
"p300_GSM1004847_Th17_IRF4_++_48h_T_Cells"	"T-Cells"	"[PC] Th17"	""	"Ep300"	328572	"GSE40918"	"GSM1004847 "	"tf"
"p300_GSM1004848_Th17_IRF4_--_48h_T_Cells"	"T-Cells"	"[PC] Th17 (IRF4 KO)"	""	"Ep300"	328572	"GSE40918"	"GSM1004848 "	"tf"
"p300_GSM1004851_Th17_RORg_wt_T_Cells"	"T-Cells"	"[PC] Th17"	""	"Ep300"	328572	"GSE40918"	"GSM1004851 "	"tf"
"p300_GSM1004852_Th17_RORg_ko_T_Cells"	"T-Cells"	"[PC] Th17 (RORg KO)"	""	"Ep300"	328572	"GSE40918"	"GSM1004852 "	"tf"
"Pax5_GSE38046_Mature_B-Cells"	"B-Cells"	"[PC] Mature-B-Cells (Pax5 Bio/Bio)"	"BTO:0000776"	"Pax5"	18507	"GSE38046"	"GSM932925-31 "	"tf"
"Pax5_GSE38046_Pro-B-Cells"	"B-Cells"	"[PC] Pro-B-Cells (Pax5 Bio/Bio; Rag2 KO)"	"BTO:0003104"	"Pax5"	18507	"GSE38046"	"GSM932921-24"	"tf"
"Pol2_GSM419052_Macrophages"	"Macrophages"	"[PC] Bone Marrow Macrophage"	"BTO:0004732"	"Pol2"	"na"	"GSE16723"	"GSM419052"	"tf"
"PU.1_GSE38377_UT_BMDM"	"Macrophages"	"[PC] Bone Marrow Macrophage"	"BTO:0004732"	"Sfpi1"	20375	"GSE38377"	"GSM940924-5"	"tf"
"PU.1_GSM1022260_stat6ko_ctrl_UT_BMDM"	"Macrophages"	"[PC] Bone Marrow Macrophage (Stat6 KO)"	""	"Sfpi1"	20375	"GSE38377"	"GSM1022260"	"tf"
"PU.1_GSM1022261_stat6ko_ctrl_IL4_4h_BMDM"	"Macrophages"	"[PC] Bone Marrow Macrophage (Stat6 KO)"	""	"Sfpi1"	20375	"GSE38377"	"GSM1022261"	"tf"
"PU.1_GSM1022262_stat6ko_UT_BMDM"	"Macrophages"	"[PC] Bone Marrow Macrophage (Stat6 KO)"	""	"Sfpi1"	20375	"GSE38377"	"GSM1022262"	"tf"
"PU.1_GSM1022263_stat6ko_IL4_4h_BMDM"	"Macrophages"	"[PC] Bone Marrow Macrophage (Stat6 KO)"	""	"Sfpi1"	20375	"GSE38377"	"GSM1022263"	"tf"
"PU.1_GSM1022280_stat1ko_ctrl_UT_BMDM"	"Macrophages"	"[PC] Bone Marrow Macrophage (Stat1 KO)"	""	"Sfpi1"	20375	"GSE38377"	"GSM1022280"	"tf"
"PU.1_GSM1022281_stat1ko_ctrl_IFNg_4h_BMDM"	"Macrophages"	"[PC] Bone Marrow Macrophage (Stat1 KO)"	""	"Sfpi1"	20375	"GSE38377"	"GSM1022281"	"tf"
"PU.1_GSM1022282_stat1ko_UT_BMDM"	"Macrophages"	"[PC] Bone Marrow Macrophage (Stat1 KO)"	""	"Sfpi1"	20375	"GSE38377"	"GSM1022282"	"tf"
"PU.1_GSM1022283_stat1ko_IFNg_4h_BMDM"	"Macrophages"	"[PC] Bone Marrow Macrophage (Stat1 KO)"	""	"Sfpi1"	20375	"GSE38377"	"GSM1022283"	"tf"
"PU.1_GSM1022310_tc_IFNg_UT_BMDM"	"Macrophages"	"[PC] Bone Marrow Macrophage"	"BTO:0004732"	"Sfpi1"	20375	"GSE38377"	"GSM1022310"	"tf"
"PU.1_GSM1022311_tc_IFNg_30min_BMDM"	"Macrophages"	"[PC] Bone Marrow Macrophage"	"BTO:0004732"	"Sfpi1"	20375	"GSE38377"	"GSM1022311"	"tf"
"PU.1_GSM1022312_tc_IFNg_1h_BMDM"	"Macrophages"	"[PC] Bone Marrow Macrophage"	"BTO:0004732"	"Sfpi1"	20375	"GSE38377"	"GSM1022312"	"tf"
"PU.1_GSM1022313_tc_IFNg_2h_BMDM"	"Macrophages"	"[PC] Bone Marrow Macrophage"	"BTO:0004732"	"Sfpi1"	20375	"GSE38377"	"GSM1022313"	"tf"
"PU.1_GSM940926_LPS_4h_BMDM"	"Macrophages"	"[PC] Bone Marrow Macrophage"	"BTO:0004732"	"Sfpi1"	20375	"GSE38377"	"GSM940926"	"tf"
"PU.1_GSM940927_LPS_24h_BMDM"	"Macrophages"	"[PC] Bone Marrow Macrophage"	"BTO:0004732"	"Sfpi1"	20375	"GSE38377"	"GSM940927"	"tf"
"PU.1_GSM940928_IFNg_4h_BMDM"	"Macrophages"	"[PC] Bone Marrow Macrophage"	"BTO:0004732"	"Sfpi1"	20375	"GSE38377"	"GSM940928"	"tf"
"PU.1_GSM940929__IL4_4h_BMDM"	"Macrophages"	"[PC] Bone Marrow Macrophage"	"BTO:0004732"	"Sfpi1"	20375	"GSE38377"	"GSM940929"	"tf"
"PU.1_GSM940930_TNFa_4h_BMDM"	"Macrophages"	"[PC] Bone Marrow Macrophage"	"BTO:0004732"	"Sfpi1"	20375	"GSE38377"	"GSM940930"	"tf"
"PU.1_GSM940931_TGFb1_4h_BMDM"	"Macrophages"	"[PC] Bone Marrow Macrophage"	"BTO:0004732"	"Sfpi1"	20375	"GSE38377"	"GSM940931"	"tf"
"PU.1_GSM940932_IL1b_4h_BMDM"	"Macrophages"	"[PC] Bone Marrow Macrophage"	"BTO:0004732"	"Sfpi1"	20375	"GSE38377"	"GSM940932"	"tf"
"PU.1_GSM940933_MALP2_BMDM"	"Macrophages"	"[PC] Bone Marrow Macrophage"	"BTO:0004732"	"Sfpi1"	20375	"GSE38377"	"GSM940933"	"tf"
"PU.1_GSM940934_CpG_BMDM"	"Macrophages"	"[PC] Bone Marrow Macrophage"	"BTO:0004732"	"Sfpi1"	20375	"GSE38377"	"GSM940934"	"tf"
"PU1_GSM1031977_MSCVIRF8_Day3_Tot2_Myeloid"	"Myeloid progenitor cells"	"[CL] Tot2 (Irf8 KO)"	""	"Sfpi1"	20375	"GSE38824"	"GSM1031977"	"tf"
"RORg_GSE40918_Th17_wt_T_Cells"	"T-Cells"	"[PC] Th17"	""	"Rorc"	19885	"GSE40918"	"GSM1004855-6 "	"tf"
"RORg_GSM1004853_Th0_wt_T_Cells"	"T-Cells"	"[PC] Th0"	"BTO:0002417"	"Rorc"	19885	"GSE40918"	"GSM1004853 "	"tf"
"Stat1_GSM1022314_tc_IFNg_UT_BMDM"	"Macrophages"	"[PC] Bone Marrow Macrophage"	"BTO:0004732"	"Stat1"	20846	"GSE38377"	"GSM1022314"	"tf"
"Stat1_GSM1022315_tc_IFNg_30min_BMDM"	"Macrophages"	"[PC] Bone Marrow Macrophage"	"BTO:0004732"	"Stat1"	20846	"GSE38377"	"GSM1022315"	"tf"
"Stat1_GSM1022316_tc_IFNg_1h_BMDM"	"Macrophages"	"[PC] Bone Marrow Macrophage"	"BTO:0004732"	"Stat1"	20846	"GSE38377"	"GSM1022316"	"tf"
"Stat1_GSM1022317_tc_IFNg_2h_BMDM"	"Macrophages"	"[PC] Bone Marrow Macrophage"	"BTO:0004732"	"Stat1"	20846	"GSE38377"	"GSM1022317"	"tf"
"Stat1_GSM1022320_UT_BMDM"	"Macrophages"	"[PC] Bone Marrow Macrophage"	"BTO:0004732"	"Stat1"	20846	"GSE38377"	"GSM1022320"	"tf"
"Stat1_GSM1022321_IFNg_4h_BMDM"	"Macrophages"	"[PC] Bone Marrow Macrophage"	"BTO:0004732"	"Stat1"	20846	"GSE38377"	"GSM1022321"	"tf"
"STAT1_GSM994528_WT_Th1_T_Cells"	"T-Cells"	"[PC] Th1 CD4+"	""	"Stat1"	20846	"GSE40463"	"GSM994528"	"tf"
"STAT3_GSE40918_Th17_RORg_ko_T_Cells"	"T-Cells"	"[PC] Th17 (RORg KO)"	""	"Stat3"	20848	"GSE40918"	"GSM1004864-6 "	"tf"
"STAT3_GSE40918_Th17_RORg_wt_T_Cells"	"T-Cells"	"[PC] Th17"	""	"Stat3"	20848	"GSE40918"	"GSM1004863-5 "	"tf"
"STAT3_GSE40918_Th17_wt_T_Cells"	"T-Cells"	"[PC] Th17"	""	"Stat3"	20848	"GSE40918"	"GSM1004860-1 "	"tf"
"STAT3_GSM1004858_Th17_wt_16h_T_Cells"	"T-Cells"	"[PC] Th17"	""	"Stat3"	20848	"GSE40918"	"GSM1004858 "	"tf"
"STAT3_GSM1004859_Th17_wt_3h_T_Cells"	"T-Cells"	"[PC] Th17"	""	"Stat3"	20848	"GSE40918"	"GSM1004859 "	"tf"
"STAT3_GSM671415_IL21_Dendritic"	"Dendritic"	"[PC] "	"BTO:0002042"	"Stat3"	20848	"GSE27161"	"GSM671415"	"tf"
"STAT3_GSM671416_IL21+GMCSF_Dendritic"	"Dendritic"	"[PC] "	"BTO:0002042"	"Stat3"	20848	"GSE27161"	"GSM671416"	"tf"
"Stat3_GSM978757_GA2002_WT_withIL21_CD4-Cells"	"T-Cells"	"[PC] CD4+"	""	"Stat3"	20848	"GSE39756"	"GSM978757"	"tf"
"Stat3_GSM978772_WJL2012_098_Th17-Cells"	"T-Cells"	"[PC] Th17"	""	"Stat3"	20848	"GSE39756"	"GSM978772"	"tf"
"STAT5B_GSM671418_GMCSF_Dendritic"	"Dendritic"	"[PC]"	"BTO:0002042"	"Stat5b"	20851	"GSE27161"	"GSM671418"	"tf"
"STAT5B_GSM671419_IL21+GMCSF_Dendritic"	"Dendritic"	"[PC]"	"BTO:0002042"	"Stat5b"	20851	"GSE27161"	"GSM671419"	"tf"
"Stat6_GSM1022301_tc_IL4_15min_BMDM"	"Macrophages"	"[PC] Bone Marrow Macrophage"	"BTO:0004732"	"Stat6"	20852	"GSE38377"	"GSM1022301"	"tf"
"Stat6_GSM1022302_tc_IL4_30min_BMDM"	"Macrophages"	"[PC] Bone Marrow Macrophage"	"BTO:0004732"	"Stat6"	20852	"GSE38377"	"GSM1022302"	"tf"
"Stat6_GSM1022303_tc_IL4_1h_BMDM"	"Macrophages"	"[PC] Bone Marrow Macrophage"	"BTO:0004732"	"Stat6"	20852	"GSE38377"	"GSM1022303"	"tf"
"Stat6_GSM1022304_tc_IL4_2h_BMDM"	"Macrophages"	"[PC] Bone Marrow Macrophage"	"BTO:0004732"	"Stat6"	20852	"GSE38377"	"GSM1022304"	"tf"
"Stat6_GSM1022305_tc_IL4_4h_BMDM"	"Macrophages"	"[PC] Bone Marrow Macrophage"	"BTO:0004732"	"Stat6"	20852	"GSE38377"	"GSM1022305"	"tf"
"V205G_GSM872894_MK-Progenitors"	"Megakaryocyte Progenitors"	"[CL] G1ME (Gata1-V205G)"	"BTO:0001164"	"Gata1 (V205G)"	14460	"GSE35644"	"GSM872894"	"tf"
"GSM1165493_Klf1"	"Erythroid"	"[PC] Erythroblast"	"BTO:0002731"	"Klf1"	16596	"GSE48020"	"GSM1165493"	"tf"
"GSM1133644_Hnf1a"	"Thymocytes"	"[PC]"	"BTO:0001372"	"Hnf1a"	21405	"GSE46662"	"GSM1133644"	"tf"
"GSM1131775_Foxo1"	"T-Cells"	"[PC] CD4+"	"BTO:0000782"	"Foxo1"	56458	"GSE46525"	"GSM1131775"	"tf"
"GSM587477_h3_38b9"	"B-Cells"	"[CL] 38B9 Pro-B-Cells"	"BTO:0003104"	"H3"	""	"GSE23830"	"GSM587477"	"histone"
"GSM1103355_Runx1"	"Megakaryocyte"	"[PC] Megakaryocytes"	"BTO:0001164"	"Runx1"	12394	"GSE45372"	"GSM1103355"	"tf"
"GSM1103356_Ep300"	"Megakaryocyte"	"[PC] Megakaryocytes"	"BTO:0001164"	"Ep300"	328572	"GSE45372"	"GSM1103356"	"tf"
"A500002_Erg"	"Leukaemia"	"[PC] Spleen cell"	"BTO:0001056"	"Erg"	13876	"GSE46554"	"GSM1132365"	"tf"
"A500005_Erg"	"Leukaemia"	"[PC] Spleen cell"	"BTO:0001056"	"Erg"	13876	"GSE46554"	"GSM1132367"	"tf"
"A500001_IgG"	"Leukaemia"	"[PC] Spleen cell"	"BTO:0001056"	"IgG"	""	"GSE46554"	"GSM1132366"	"control"
"A500004_IgG"	"Leukaemia"	"[PC] Spleen cell"	"BTO:0001056"	"IgG"	""	"GSE46554"	"GSM1132368"	"control"
"GSM730632_Runx1"	"Hematopoietic Progenitor Cells"	"[CL] ES cell derived CD41+"	"BTO:0000725"	"Runx1"	12394	"GSE29514"	"GSM730632"	"tf"
